{"SE-WI loop": {"loop": true, "dist_mi": 128.5, "poly": [[43.17889, -88.117], [43.17927, -88.11438], [43.17926, -88.11277], [43.17925, -88.10972], [43.17922, -88.10546], [43.17927, -88.10358], [43.1802, -88.10347], [43.18137, -88.10279], [43.18281, -88.10205], [43.18411, -88.10217], [43.18432, -88.10233], [43.18426, -88.10278], [43.18427, -88.10469], [43.19009, -88.11823], [43.20741, -88.14019], [43.23934, -88.17778], [43.24619, -88.18162], [43.2641, -88.18159], [43.27073, -88.18384], [43.2821, -88.1933], [43.28264, -88.19333], [43.28214, -88.19459], [43.2818, -88.19586], [43.28087, -88.19878], [43.28091, -88.21187], [43.28094, -88.2156], [43.28097, -88.2249], [43.28102, -88.23386], [43.28111, -88.24965], [43.28115, -88.25718], [43.29062, -88.26082], [43.29566, -88.26659], [43.2957, -88.27373], [43.29583, -88.2903], [43.29589, -88.29781], [43.30321, -88.29994], [43.29926, -88.30005], [43.28415, -88.30037], [43.27411, -88.30064], [43.2616, -88.30096], [43.25484, -88.30104], [43.25086, -88.30352], [43.25129, -88.30106], [43.25126, -88.29426], [43.25151, -88.28759], [43.25182, -88.28376], [43.25133, -88.27367], [43.25141, -88.26257], [43.25132, -88.26164], [43.25129, -88.25181], [43.25116, -88.23562], [43.25095, -88.21473], [43.25088, -88.2014], [43.25077, -88.19204], [43.25068, -88.19117], [43.25075, -88.19074], [43.25072, -88.18572], [43.25058, -88.17981], [43.2505, -88.17048], [43.25015, -88.14963], [43.24315, -88.12971], [43.2387, -88.12123], [43.23658, -88.11784], [43.23551, -88.10848], [43.23552, -88.10465], [43.23553, -88.09365], [43.2356, -88.07394], [43.23564, -88.0639], [43.23584, -88.04605], [43.23598, -88.03475], [43.23613, -88.01389], [43.23621, -88.00593], [43.23809, -88.00358], [43.24583, -88.00361], [43.25079, -88.00072], [43.25075, -87.98884], [43.25062, -87.96653], [43.25064, -87.95916], [43.25068, -87.95402], [43.25074, -87.94528], [43.25073, -87.93949], [43.25056, -87.92906], [43.2503, -87.92031], [43.27057, -87.91969], [43.28002, -87.92119], [43.30578, -87.92042], [43.32381, -87.91922], [43.331, -87.92188], [43.34585, -87.9246], [43.37558, -87.92589], [43.38947, -87.9283], [43.39097, -87.92826], [43.3984, -87.9267], [43.40501, -87.92026], [43.40974, -87.90317], [43.41149, -87.88442], [43.41188, -87.87164], [43.41721, -87.86153], [43.43841, -87.83894], [43.45704, -87.83175], [43.49007, -87.83076], [43.50664, -87.82755], [43.52526, -87.82167], [43.53234, -87.81957], [43.53865, -87.81387], [43.5446, -87.81135], [43.57243, -87.79638], [43.60111, -87.77827], [43.61958, -87.77006], [43.64497, -87.76892], [43.66647, -87.76196], [43.67404, -87.75975], [43.67578, -87.75778], [43.67412, -87.75602], [43.67357, -87.75395], [43.6732, -87.74433], [43.6729, -87.73141], [43.67267, -87.71914], [43.67261, -87.71808], [43.67251, -87.71792], [43.67211, -87.71792], [43.67168, -87.71815], [43.6714, -87.71829], [43.67118, -87.71836], [43.67086, -87.71859], [43.66948, -87.71924], [43.66849, -87.71823], [43.66778, -87.71713], [43.66684, -87.71697], [43.66797, -87.71769], [43.6686, -87.71924], [43.67002, -87.71908], [43.67101, -87.71847], [43.67121, -87.71818], [43.67143, -87.71784], [43.67161, -87.71769], [43.67214, -87.71744], [43.67231, -87.71746], [43.6725, -87.71759], [43.67263, -87.71778], [43.67266, -87.71808], [43.6728, -87.72611], [43.67305, -87.74038], [43.67328, -87.74617], [43.67374, -87.7551], [43.67452, -87.75659], [43.67471, -87.76172], [43.66956, -87.76142], [43.66512, -87.763], [43.65195, -87.76912], [43.64466, -87.76934], [43.63558, -87.76956], [43.62121, -87.77041], [43.61466, -87.77086], [43.60844, -87.77378], [43.59815, -87.78072], [43.58649, -87.78838], [43.56744, -87.79996], [43.54931, -87.81069], [43.54378, -87.81193], [43.53795, -87.81492], [43.53209, -87.8202], [43.52057, -87.82227], [43.4943, -87.83152], [43.46133, -87.83172], [43.44358, -87.83518], [43.43677, -87.84149], [43.41549, -87.86406], [43.41219, -87.87173], [43.41177, -87.8778], [43.41127, -87.89394], [43.40725, -87.91495], [43.40158, -87.92803], [43.39377, -87.92976], [43.38381, -87.92793], [43.36836, -87.92554], [43.34319, -87.92499], [43.33037, -87.92196], [43.32247, -87.91953], [43.30908, -87.92081], [43.28357, -87.92152], [43.27142, -87.92007], [43.24265, -87.91999], [43.22351, -87.92135], [43.21405, -87.92111], [43.20107, -87.92277], [43.19061, -87.92423], [43.17992, -87.91911], [43.17753, -87.91832], [43.177, -87.92019], [43.17709, -87.92669], [43.17779, -87.94299], [43.17803, -87.95294], [43.17853, -87.95829], [43.1786, -87.9615], [43.17857, -87.96432], [43.17816, -87.96701], [43.17781, -87.97038], [43.1778, -87.97452], [43.1778, -87.98037], [43.17779, -87.98455], [43.17787, -87.99213], [43.17789, -87.9958], [43.17793, -87.99946], [43.17797, -88.00647], [43.17794, -88.00928], [43.17793, -88.01302], [43.17789, -88.01768], [43.17784, -88.02258], [43.1778, -88.02653], [43.17772, -88.03462], [43.17799, -88.03864], [43.17876, -88.04397], [43.17861, -88.04624], [43.17755, -88.05083], [43.17716, -88.05901], [43.17708, -88.06425], [43.1774, -88.07449], [43.17733, -88.07807], [43.17783, -88.08371], [43.17826, -88.08736], [43.17796, -88.09048], [43.17726, -88.09393], [43.17741, -88.09644], [43.17804, -88.09852], [43.1789, -88.10122], [43.17921, -88.10216], [43.17926, -88.10385], [43.17926, -88.10677], [43.17924, -88.11106], [43.17932, -88.11368], [43.17908, -88.11565], [43.17889, -88.117]]}, "Lake Geneva": {"loop": false, "dist_mi": 55.9,